SET NAMES utf8mb4;

-- Admin user (password: admin123)
INSERT IGNORE INTO admin_user (username, password, role, created_at) VALUES ('admin', 'admin123', 'ADMIN', NOW());

-- Scenic spot: 灵山胜境
INSERT IGNORE INTO scenic_spot (id, name, category, location_city, description, address, cover_image, open_time, ticket_price, best_season, suggested_duration, transport_info, tips, created_at, updated_at)
VALUES (1, '灵山胜境', '人文历史', '无锡',
'灵山胜境位于无锡太湖国家旅游度假区，是中国著名的佛教文化主题景区。景区以灵山大佛为核心，集自然山水与佛教文化于一体，包含梵宫、五印坛城、九龙灌浴等经典景观，被誉为"东方佛教艺术博览馆"。',
'江苏省无锡市滨湖区马山灵山路1号',
'https://example.com/lingshan/cover.jpg',
'07:30-17:30（夏季）/ 08:00-17:00（冬季）',
'成人票210元，优待票105元（学生/老人），1.4米以下儿童免票',
'春秋两季（3-5月、9-11月）',
'4-6小时',
'公交88路、89路可达灵山胜境站；自驾从无锡市区沿太湖大道行驶约40分钟',
'建议上午抵达，先参观灵山大佛，再游览梵宫和五印坛城；梵宫内部禁止拍照，请留意标识；景区面积较大，建议穿着舒适的步行鞋。',
NOW(), NOW());

-- Attractions (16 sub-spots)
INSERT IGNORE INTO attraction (id, scenic_spot_id, name, description, image_url, latitude, longitude, open_time, ticket_info, sort_order, created_at, updated_at) VALUES
(1, 1, '灵山大佛', '灵山大佛高88米，是目前世界上最高的青铜立佛。大佛面朝太湖，背靠灵山，右手施无畏印，左手施与愿印，法相庄严。游客可登临佛脚平台，近距离瞻仰佛像，感受"抱佛脚"的独特体验。', 'https://example.com/lingshan/dafo.jpg', 31.430194, 120.096477, NULL, NULL, 1, NOW(), NOW()),
(2, 1, '九龙灌浴', '九龙灌浴是大型动态音乐群雕，再现佛祖释迦牟尼诞生时九龙吐水沐浴的壮观场景。每天定时表演，莲花缓缓绽放，金身太子佛像从莲花中升起，九龙口中喷出圣水，场面震撼。', 'https://example.com/lingshan/jiulong.jpg', 31.424601, 120.099984, '表演时间：10:00/11:30/14:00/15:30', NULL, 2, NOW(), NOW()),
(3, 1, '梵宫', '灵山梵宫被誉为"东方卢浮宫"，集建筑、雕塑、壁画、灯光等艺术于一体。宫内金碧辉煌，廊厅顶部为敦煌飞天彩绘，大殿供奉楠木雕刻佛像，是佛教艺术的巅峰之作。', 'https://example.com/lingshan/fangong.jpg', 31.428218, 120.102420, '08:00-17:00', NULL, 3, NOW(), NOW()),
(4, 1, '五印坛城', '五印坛城是一座藏传佛教风格的建筑，红白相间的外墙配以金顶，极具藏式特色。坛城内供奉众多佛像，展示了藏传佛教的文化魅力，被誉为"小布达拉宫"。', 'https://example.com/lingshan/wuyin.jpg', 31.424676, 120.103054, NULL, NULL, 4, NOW(), NOW()),
(5, 1, '天下第一掌', '天下第一掌是灵山大佛右手1:1复制品，高11.7米，宽5.5米。因佛手与"佛寿"谐音，游客摸佛手可祈求长寿平安，是灵山最受欢迎的祈福地之一。', 'https://example.com/lingshan/diyizhang.jpg', 31.426957, 120.098366, NULL, NULL, 5, NOW(), NOW()),
(6, 1, '百子戏弥勒', '百子戏弥勒是一座生动的青铜雕塑，斜倚而坐的弥勒佛身上攀爬着100个神态各异的顽童。雕塑寓意多子多福、吉祥如意，是游客拍照留念的热门景点。', 'https://example.com/lingshan/baizi.jpg', 31.427190, 120.098844, NULL, NULL, 6, NOW(), NOW()),
(7, 1, '降魔浮雕', '降魔浮雕长达60米，以青铜铸造，再现佛祖在菩提树下降魔成道的经典故事。浮雕人物形象生动，细节丰富，是了解佛教故事的重要景观。', 'https://example.com/lingshan/xiangmo.jpg', 31.425559, 120.099569, NULL, NULL, 7, NOW(), NOW()),
(8, 1, '阿育王柱', '阿育王柱高16.9米，由整块花岗岩雕琢而成，顶部四只背靠背的雄狮面向四方，象征佛法广传。柱身刻有梵文经文，是古印度佛教文化的象征。', 'https://example.com/lingshan/ayuwang.jpg', 31.426188, 120.099261, NULL, NULL, 8, NOW(), NOW()),
(9, 1, '佛足坛', '佛足坛供奉着巨大的佛足印石刻，足印上刻有吉祥图案与法轮。相传为佛祖涅槃前留下的足迹，是信众朝拜的重要场所。', 'https://example.com/lingshan/fozu.jpg', 31.422725, 120.101497, NULL, NULL, 9, NOW(), NOW()),
(10, 1, '祥符禅寺', '祥符禅寺始建于唐代，历史悠久，是灵山胜境中最古老的建筑。寺内古木参天，香火鼎盛，游客可在此静心礼佛、品茗休憩。', 'https://example.com/lingshan/xiangfu.jpg', 31.427949, 120.098012, '08:00-17:00', NULL, 10, NOW(), NOW()),
(11, 1, '曼飞龙塔', '曼飞龙塔为典型的南传佛教建筑，白塔金顶，玲珑精致。塔群由一座主塔和八座小塔组成，极具东南亚佛教建筑风格。', 'https://example.com/lingshan/manfeilong.jpg', 31.426070, 120.104609, NULL, NULL, 11, NOW(), NOW()),
(12, 1, '菩提大道', '菩提大道是通往灵山大佛的主干道，两旁种植菩提树，沿途布置佛教文化景观。大道宽敞平坦，适合步行游览，是感受灵山气韵的绝佳路径。', 'https://example.com/lingshan/puti.jpg', 31.423182, 120.101143, NULL, NULL, 12, NOW(), NOW()),
(13, 1, '灵山胜境牌楼', '灵山胜境牌楼是景区的标志性入口建筑，采用传统木石结构，雕梁画栋，气势恢宏。牌楼上"灵山胜境"四个大字遒劲有力，是游客入园的必经之处。', 'https://example.com/lingshan/pailou.jpg', 31.425920, 120.100925, NULL, NULL, 13, NOW(), NOW()),
(14, 1, '香水海', '香水海是一片人工湖景观，湖水清澈，周围绿树环绕，倒映着灵山大佛和梵宫的美景。湖畔设有观景平台和休息区，是摄影爱好者的取景圣地。', 'https://example.com/lingshan/xiangshuihai.jpg', 31.428500, 120.099500, NULL, NULL, 14, NOW(), NOW()),
(15, 1, '转经廊', '转经廊沿山坡而建，排列着一百零八个转经筒，取自藏传佛教传统。游客可顺时针转动经筒祈福，体验浓郁的藏地文化氛围。', 'https://example.com/lingshan/zhuanjing.jpg', 31.423952, 120.099926, NULL, NULL, 15, NOW(), NOW()),
(16, 1, '素斋堂', '素斋堂是灵山景区的特色餐饮区，提供正宗佛门素斋。以豆制品、菌菇、蔬菜为原料，制作精美，口味独特，是体验佛教饮食文化的必到之处。', 'https://example.com/lingshan/suzhai.jpg', 31.426825, 120.100061, '午餐：11:00-14:00', '素斋套餐58元起', 16, NOW(), NOW());

-- Knowledge points
INSERT IGNORE INTO knowledge_point (id, scenic_spot_id, attraction_id, title, content, category, tags, created_at, updated_at) VALUES
(1, 1, 1, '灵山大佛建造历程', '灵山大佛于1994年奠基，1997年落成开光，历时三年。大佛通高88米，其中佛身79米，莲花座9米，由1560块锡青铜壁板焊接而成，总用铜量达725吨。大佛的左手普施无畏印，右手施与愿印，代表祛除痛苦、赐予快乐。', '历史沿革', '灵山大佛,建造,历史', NOW(), NOW()),
(2, 1, 1, '抱佛脚习俗', '"抱佛脚"是灵山最受欢迎的体验项目。俗话说"平时不烧香，临时抱佛脚"，游客可登218级台阶到达佛脚平台，近距离触摸佛脚祈福。佛脚的每个脚趾都有一米多高，站在佛脚旁方能感受佛像之宏伟。', '体验玩法', '抱佛脚,祈福,体验', NOW(), NOW()),
(3, 1, 2, '九龙灌浴表演', '九龙灌浴取材于佛经记载：佛祖释迦牟尼一诞生就会走路，向东西南北各走七步，步步生莲。此时天上有九条龙吐出香水为太子沐浴。表演时莲花打开，金身太子佛像缓缓升起，九龙喷水形成水幕，场面极其壮观。接取"圣水"饮用或带回家视为吉祥。', '体验玩法', '九龙灌浴,表演,佛教故事', NOW(), NOW()),
(4, 1, 3, '梵宫建筑艺术', '灵山梵宫建筑面积7.2万平方米，由清华大学建筑学院设计。宫内有世界最大的东阳木雕佛像群、大型琉璃壁画、手工锻造的铜雕和敦煌飞天彩绘。塔厅高60米，穹顶绘有敦煌风格的飞天壁画，被誉为"东方艺术殿堂"。2016年曾遭遇火灾，经修复后于2017年重新开放。', '建筑景观', '梵宫,建筑,艺术,东阳木雕', NOW(), NOW()),
(5, 1, 4, '五印坛城与藏传佛教', '五印坛城的"五印"代表佛教五方佛的五种手印。坛城建筑仿照西藏布达拉宫风格，红墙金顶，庄严肃穆。坛城内设有多个展厅，展示藏传佛教的唐卡、法器、佛像等珍贵文物，是华东地区了解藏传佛教文化的重要窗口。', '文化内涵', '五印坛城,藏传佛教,建筑', NOW(), NOW()),
(6, 1, 3, '梵宫镇馆之宝', '梵宫内有三大镇馆之宝：一是大型琉璃壁画"华藏世界"，由数十万片琉璃镶嵌而成；二是东阳木雕"灵山说法图"，长38米、高14米，为世界最大的东阳木雕作品；三是高达30米的纯铜锻造的塔厅穹顶，精美绝伦。', '建筑景观', '梵宫,琉璃,木雕,镇馆之宝', NOW(), NOW()),
(7, 1, 10, '祥符禅寺千年历史', '祥符禅寺始建于唐贞观年间（公元627-649年），距今已有近1400年历史。原名"小灵山寺"，后因宋真宗赐额"祥符禅寺"而得名。寺内古银杏树龄逾千年，见证寺庙兴衰。现任方丈为无相法师。', '历史沿革', '祥符禅寺,唐代,千年古刹', NOW(), NOW()),
(8, 1, NULL, '灵山名称由来', '灵山原名"小灵山"，相传唐代高僧玄奘西天取经归来路过此地，见山形酷似西天灵鹫山，大为赞叹，遂命名为"小灵山"。此后山间建寺，香火日盛。灵山胜境景区即围绕小灵山而建，将佛教文化与自然山水完美融合。', '历史沿革', '灵山,玄奘,名称由来', NOW(), NOW()),
(9, 1, NULL, '灵山素斋文化', '灵山素斋讲究"清、雅、淡、和"，以新鲜蔬菜、豆制品、菌菇为主要食材，不使用葱、蒜等荤腥调料。素斋不仅是饮食，更是一种修行方式——"食存五观"，提醒人们在吃饭时怀感恩之心。', '美食住宿', '素斋,佛教饮食,文化', NOW(), NOW()),
(10, 1, NULL, '灵山交通攻略', '公交：无锡火车站乘坐88路（约50分钟）、89路直达灵山胜境站。\n自驾：沪宁高速无锡东出口→太湖大道→环太湖公路→灵山路。\n停车：景区设有大型停车场，小车10元/次。\n周边：距拈花湾景区仅10分钟车程，建议联游。', '实用信息', '交通,公交,自驾,攻略', NOW(), NOW()),
(11, 1, NULL, '灵山游览贴士', '1.建议游览顺序：牌楼→九龙灌浴→大佛→梵宫→五印坛城（约5小时）。\n2.九龙灌浴表演有固定时间，建议入园先确认当天表演时间。\n3.梵宫内温度较低，夏季可带薄外套。\n4.抱佛脚需登218级台阶，老人和儿童注意量力而行。\n5.景区内有电瓶车可乘坐（20元/人）。', '实用信息', '游览,攻略,贴士,注意事项', NOW(), NOW()),
(12, 1, 5, '天下第一掌传说', '摸佛手可祈福是灵山流传最广的民间说法。佛手谐音"福寿"，掌心千辐轮相象征吉祥圆满。游客排队摸佛手，从大拇指摸到小拇指，寓意"五福临门"：长寿、富贵、康宁、好德、善终。', '文化内涵', '佛手,祈福,五福临门', NOW(), NOW()),
(13, 1, 6, '百子戏弥勒寓意', '百子戏弥勒雕塑中，弥勒佛笑口常开，身上一百个顽童嬉戏打闹，有的拉耳朵，有的挠痒痒，有的爬头顶，弥勒皆不生气。这寓意弥勒佛大肚能容、笑口常开的慈悲精神，也象征多子多福、家庭和睦。', '文化内涵', '弥勒,百子,雕塑,吉祥', NOW(), NOW()),
(14, 1, 7, '降魔成道故事', '浮雕描绘释迦牟尼在菩提树下即将成道时，魔王波旬派遣魔女诱惑、魔军恐吓，试图阻止他成佛。释迦牟尼以右手触地印降伏众魔，终成正觉。浮雕中佛陀面容安详，与魔军的狰狞形成鲜明对比。', '文化内涵', '降魔,佛陀,成道,浮雕', NOW(), NOW()),
(15, 1, 3, '梵宫游览注意事项', '梵宫内禁止拍照和使用闪光灯；需脱鞋进入部分殿堂；请保持安静，不要大声喧哗；殿内请勿触摸壁画和雕塑；建议预留1.5-2小时仔细参观。', '实用信息', '梵宫,注意事项,参观须知', NOW(), NOW()),
(16, 1, NULL, '灵山四季之美', '春：灵山桃花盛开，梵宫金顶与红花相映成趣。\n夏：绿树成荫，香水海荷花满池，是避暑好去处。\n秋：菩提大道落叶金黄，天气凉爽最适合游览。\n冬：雪后灵山银装素裹，大佛在白雪映衬下更显庄严。', '体验玩法', '四季,美景,春夏秋冬', NOW(), NOW()),
(17, 1, 15, '转经筒与祈福', '转经廊的108个转经筒代表了佛教的108种烦恼。每转动一个经筒，就相当于念诵了一遍里面的经文，可消除一种烦恼。108个全转完，象征断除一切烦恼。建议顺时针转动，心中默念"唵嘛呢叭咪吽"六字真言。', '体验玩法', '转经筒,祈福,藏传佛教', NOW(), NOW()),
(18, 1, 16, '灵山素斋体验', '素斋堂的招牌菜有：素东坡肉（冬瓜制作）、素熏鱼（豆腐皮制作）、十八罗汉斋（菌菇什锦）、灵山素面等。所有菜品不含任何动物成分，但色香味俱佳，很多游客评价"比荤菜还美味"。', '美食住宿', '素斋,美食,推荐', NOW(), NOW()),
(19, 1, NULL, '周边拈花湾联游', '拈花湾位于灵山胜境旁，是以禅意为主题的小镇，步行约10-15分钟可达。拈花湾每晚有大型灯光秀《禅行》，建议灵山白天游览结束后前往拈花湾赏夜景、住民宿，感受禅意慢生活。灵山+拈花湾联票360元。', '实用信息', '拈花湾,联游,线路', NOW(), NOW()),
(20, 1, 8, '阿育王柱历史', '阿育王柱源于印度孔雀王朝阿育王时期（公元前3世纪），阿育王在各地竖立石柱，刻佛法敕令。灵山阿育王柱按原样复制，高16.9米，直径1.6米，柱头四只雄狮面向四方，成为现代印度国徽的设计来源。', '历史沿革', '阿育王柱,印度,历史', NOW(), NOW());

-- Tour routes
INSERT IGNORE INTO tour_route (id, scenic_spot_id, name, description, theme, suggested_duration, tips, sort_order, created_at, updated_at) VALUES
(1, 1, '历史文化深度游', '适合对佛教文化和历史感兴趣的游客，深入探索灵山的宗教底蕴与建筑艺术。从祥符禅寺出发，经阿育王柱、降魔浮雕，登灵山大佛，入梵宫细品艺术珍品，最后在五印坛城感受藏传文化。', '历史文化', '5-6小时', '建议携带望远镜细看梵宫壁画；可请景区讲解员深度讲解', 1, NOW(), NOW()),
(2, 1, '精华打卡半日游', '时间紧凑的游客首选线路，覆盖灵山最核心的五个景点：牌楼→九龙灌浴→灵山大佛→梵宫→五印坛城。路线高效无折返，半天即可感受灵山精华。', '自然风光', '3-4小时', '建议上午9点前入园，赶上九龙灌浴首场表演；各点拍照打卡后快速移动', 2, NOW(), NOW()),
(3, 1, '亲子欢乐家庭游', '为带小朋友的家庭设计的轻松路线，注重互动体验和趣味性。包含摸佛手祈福、百子戏弥勒拍照、九龙灌浴接圣水、转经廊转经筒、最后品尝素斋美食。路线平缓省力，适合老人和儿童。', '亲子家庭', '4-5小时', '儿童可准备小水杯接九龙圣水；素斋堂有儿童套餐；景区电瓶车可随时乘坐', 3, NOW(), NOW());

-- Tour route attractions
INSERT IGNORE INTO tour_route_attraction (route_id, attraction_id, sort_order, explanation_focus) VALUES
-- 历史文化深度游
(1, 10, 1, '祥符禅寺千年历史，唐代古银杏树，玄奘命名灵山的传说'),
(1, 8, 2, '阿育王柱的历史渊源，印度佛教东传的历史脉络'),
(1, 7, 3, '降魔成道浮雕的佛教故事解读，青铜铸造工艺'),
(1, 1, 4, '灵山大佛的建造历程与现代佛教艺术，抱佛脚祈福体验'),
(1, 3, 5, '梵宫三大镇馆之宝：琉璃壁画、东阳木雕、铜锻穹顶'),
(1, 4, 6, '藏传佛教文化与五印坛城的建筑特色，汉藏佛教交融'),
(1, 15, 7, '转经廊祈福仪式，六字真言含义'),
-- 精华打卡半日游
(2, 13, 1, '灵山胜境牌楼的建筑特色，入园后游览路线指引'),
(2, 2, 2, '九龙灌浴表演的壮观场面与佛教寓意，表演时间提示'),
(2, 1, 3, '大佛平台全景俯瞰，88米佛像的视觉震撼'),
(2, 3, 4, '梵宫内部精华导览，廊厅飞天彩绘与塔厅穹顶'),
(2, 4, 5, '五印坛城红白建筑群的最美拍照角度'),
-- 亲子欢乐家庭游
(3, 13, 1, '牌楼合影留念，孩子第一次接触佛教文化'),
(3, 5, 2, '摸佛手祈福的趣味体验，向孩子讲解五福临门含义'),
(3, 6, 3, '百子戏弥勒的故事——弥勒佛为什么笑口常开？'),
(3, 2, 4, '九龙灌浴表演的震撼场面，接圣水的小仪式'),
(3, 15, 5, '带着孩子一起转动108个转经筒，消烦恼祈平安'),
(3, 16, 6, '素斋美食体验，认识佛教饮食文化');
